alpha,avg_f1
0.25,0.27916336996337004
0.5,0.28840366300366305
0.75,0.32253333333333334
