embedding,k,difference
bge,2,0.00269999999999998
e5,2,0.0021999999999999797
fasttext_pretrained,2,-0.0014000000000000123
glove_pretrained,2,-0.0049000000000000155
gte,2,0.0039000000000000146
instructor,2,0.00940000000000002
minilm,2,0.0116
mpnet,2,0.02140000000000003
sbert,2,0.033299999999999996
sroberta,2,-0.003599999999999992
w2v_pretrained,2,0.01579999999999998
w2v_self,2,0.003300000000000025
