alpha,avg_f1
0.25,0.44460000000000005
0.5,0.4458339622641511
0.75,0.4445056603773585
