alpha,avg_f1
0.25,0.26298156128865063
0.5,0.2760699405592683
0.75,0.2859138471297265
