alpha,avg_f1
0.25,0.23636789616981016
0.5,0.24556939150159734
0.75,0.25116478651053636
