embedding,k,difference
bge,2,0.0030000000000000027
e5,2,0.007299999999999973
fasttext_pretrained,2,-0.04630000000000001
glove_pretrained,2,-0.00040000000000001146
gte,2,-0.006900000000000017
instructor,2,0.005900000000000016
minilm,2,-0.002599999999999991
mpnet,2,0.004500000000000004
sbert,2,0.033299999999999996
sroberta,2,-0.003599999999999992
w2v_pretrained,2,-0.017199999999999993
w2v_self,2,-0.01419999999999999
