embedding,k,difference
bge,2,-0.026899999999999924
e5,2,-0.02510000000000001
fasttext_pretrained,2,-0.005699999999999983
glove_pretrained,2,0.3129
gte,2,-0.028799999999999937
instructor,2,-0.009599999999999942
minilm,2,-0.007800000000000029
mpnet,2,-0.015199999999999991
sbert,2,-0.0040000000000000036
sroberta,2,0.0038000000000000256
w2v_pretrained,2,-0.0131
w2v_self,2,0.00019999999999997797
