alpha,avg_f1
0.25,0.5590372549019607
0.5,0.5878725490196078
0.75,0.5954098039215686
