alpha,avg_f1
0.25,0.46131065914987784
0.5,0.46936872538919416
0.75,0.4749006276709401
